timestamp,mode,target_x,target_z,actual_x,actual_z,error_x,error_z,saturated
1772311143.2167099,live_view,-0.1867473250109684,-0.25770249404423295,-0.19839764049400838,-0.2410128259683078,0.011650315483039964,-0.016689668075925146,0
1772311143.3077152,live_view,-0.1867473250109684,-0.25770249404423295,-0.19839764049400838,-0.2410128259683078,0.011650315483039964,-0.016689668075925146,0
1772311143.3670669,live_view,-0.1867473250109684,-0.25770249404423295,-0.19839764049400838,-0.2410128259683078,0.011650315483039964,-0.016689668075925146,0
1772311143.40046,live_view,-0.1867473250109684,-0.25770249404423295,-0.19839764049400838,-0.2410128259683078,0.011650315483039964,-0.016689668075925146,0
1772311143.4334679,live_view,-0.1867473250109684,-0.25770249404423295,-0.19839764049400838,-0.2410128259683078,0.011650315483039964,-0.016689668075925146,0
1772311143.46683,live_view,-0.1867473250109684,-0.25770249404423295,-0.19839764049400838,-0.2410128259683078,0.011650315483039964,-0.016689668075925146,0
1772311143.5003672,live_view,-0.1867473250109684,-0.25770249404423295,-0.19839764049400838,-0.2410128259683078,0.011650315483039964,-0.016689668075925146,0
1772311143.534113,live_view,-0.1867473250109684,-0.25770249404423295,-0.19839764049400838,-0.2410128259683078,0.011650315483039964,-0.016689668075925146,0
1772311143.567369,live_view,-0.1867473250109684,-0.25770249404423295,-0.19839764049400838,-0.2410128259683078,0.011650315483039964,-0.016689668075925146,0
1772311143.6007218,live_view,-0.1867473250109684,-0.25770249404423295,-0.19839764049400838,-0.2410128259683078,0.011650315483039964,-0.016689668075925146,0
1772311143.634099,live_view,-0.1867473250109684,-0.25770249404423295,-0.19839764049400838,-0.2410128259683078,0.011650315483039964,-0.016689668075925146,0
1772311143.667434,live_view,-0.1867473250109684,-0.25770249404423295,-0.19839764049400838,-0.2410128259683078,0.011650315483039964,-0.016689668075925146,0
1772311143.7007208,live_view,-0.1867473250109684,-0.25770249404423295,-0.19839764049400838,-0.2410128259683078,0.011650315483039964,-0.016689668075925146,0
1772311143.734101,live_view,-0.1867473250109684,-0.25770249404423295,-0.19839764049400838,-0.2410128259683078,0.011650315483039964,-0.016689668075925146,0
1772311143.767348,live_view,-0.1867473250109684,-0.25770249404423295,-0.19839764049400838,-0.2410128259683078,0.011650315483039964,-0.016689668075925146,0
1772311143.800448,live_view,-0.1867473250109684,-0.25770249404423295,-0.19839764049400838,-0.2410128259683078,0.011650315483039964,-0.016689668075925146,0
1772311143.833784,live_view,-0.1867473250109684,-0.25770249404423295,-0.19839764049400838,-0.2410128259683078,0.011650315483039964,-0.016689668075925146,0
1772311143.866912,live_view,-0.1867473250109684,-0.25770249404423295,-0.19839764049400838,-0.2410128259683078,0.011650315483039964,-0.016689668075925146,0
1772311143.899955,live_view,-0.1867473250109684,-0.25770249404423295,-0.19839764049400838,-0.2410128259683078,0.011650315483039964,-0.016689668075925146,0
1772311143.9331892,live_view,-0.1867473250109684,-0.25770249404423295,-0.19839764049400838,-0.2410128259683078,0.011650315483039964,-0.016689668075925146,0
1772311143.966305,live_view,-0.1867473250109684,-0.25770249404423295,-0.19839764049400838,-0.2410128259683078,0.011650315483039964,-0.016689668075925146,0
1772311143.999449,live_view,-0.1867473250109684,-0.25770249404423295,-0.19839764049400838,-0.2410128259683078,0.011650315483039964,-0.016689668075925146,0
1772311144.0324428,live_view,-0.1867473250109684,-0.25770249404423295,-0.19839764049400838,-0.2410128259683078,0.011650315483039964,-0.016689668075925146,0
1772311144.065699,live_view,-0.1867473250109684,-0.25770249404423295,-0.19839764049400838,-0.2410128259683078,0.011650315483039964,-0.016689668075925146,0
1772311144.099047,live_view,-0.1867473250109684,-0.25770249404423295,-0.19839764049400838,-0.2410128259683078,0.011650315483039964,-0.016689668075925146,0
1772311144.1324852,live_view,-0.1867473250109684,-0.25770249404423295,-0.19839764049400838,-0.2410128259683078,0.011650315483039964,-0.016689668075925146,0
1772311144.1657999,live_view,-0.1867473250109684,-0.25770249404423295,-0.19839764049400838,-0.2410128259683078,0.011650315483039964,-0.016689668075925146,0
1772311144.199119,live_view,-0.1867473250109684,-0.25770249404423295,-0.19839764049400838,-0.2410128259683078,0.011650315483039964,-0.016689668075925146,0
1772311144.232456,live_view,-0.1867473250109684,-0.25770249404423295,-0.19839764049400838,-0.2410128259683078,0.011650315483039964,-0.016689668075925146,0
1772311144.2657018,live_view,-0.1867473250109684,-0.25770249404423295,-0.19839764049400838,-0.2410128259683078,0.011650315483039964,-0.016689668075925146,0
1772311144.2990851,live_view,-0.1867473250109684,-0.25770249404423295,-0.19839764049400838,-0.2410128259683078,0.011650315483039964,-0.016689668075925146,0
1772311144.332468,live_view,-0.1867473250109684,-0.25770249404423295,-0.19839764049400838,-0.2410128259683078,0.011650315483039964,-0.016689668075925146,0
1772311144.365611,live_view,-0.1867473250109684,-0.25770249404423295,-0.19839764049400838,-0.2410128259683078,0.011650315483039964,-0.016689668075925146,0
1772311144.398937,live_view,-0.1867473250109684,-0.25770249404423295,-0.19839764049400838,-0.2410128259683078,0.011650315483039964,-0.016689668075925146,0
1772311144.432349,live_view,-0.1867473250109684,-0.25770249404423295,-0.19839764049400838,-0.2410128259683078,0.011650315483039964,-0.016689668075925146,0
1772311144.4654772,live_view,-0.1867473250109684,-0.25770249404423295,-0.19839764049400838,-0.2410128259683078,0.011650315483039964,-0.016689668075925146,0
1772311144.498873,live_view,-0.1867473250109684,-0.25770249404423295,-0.19839764049400838,-0.2410128259683078,0.011650315483039964,-0.016689668075925146,0
1772311144.531929,live_view,-0.1867473250109684,-0.25770249404423295,-0.19839764049400838,-0.2410128259683078,0.011650315483039964,-0.016689668075925146,0
1772311144.565488,live_view,-0.1867473250109684,-0.25770249404423295,-0.19839764049400838,-0.2410128259683078,0.011650315483039964,-0.016689668075925146,0
1772311144.599124,live_view,-0.1867473250109684,-0.25770249404423295,-0.19839764049400838,-0.2410128259683078,0.011650315483039964,-0.016689668075925146,0
1772311144.632479,live_view,-0.1867473250109684,-0.25770249404423295,-0.19839764049400838,-0.2410128259683078,0.011650315483039964,-0.016689668075925146,0
1772311144.66591,live_view,-0.1867473250109684,-0.25770249404423295,-0.19839764049400838,-0.2410128259683078,0.011650315483039964,-0.016689668075925146,0
1772311144.699141,live_view,-0.1867473250109684,-0.25770249404423295,-0.19839764049400838,-0.2410128259683078,0.011650315483039964,-0.016689668075925146,0
1772311144.732358,live_view,-0.1867473250109684,-0.25770249404423295,-0.19839764049400838,-0.2410128259683078,0.011650315483039964,-0.016689668075925146,0
1772311144.7657878,live_view,-0.1867473250109684,-0.25770249404423295,-0.19839764049400838,-0.2410128259683078,0.011650315483039964,-0.016689668075925146,0
1772311144.79916,live_view,-0.1867473250109684,-0.25770249404423295,-0.19839764049400838,-0.2410128259683078,0.011650315483039964,-0.016689668075925146,0
1772311144.8323588,live_view,-0.1867473250109684,-0.25770249404423295,-0.19839764049400838,-0.2410128259683078,0.011650315483039964,-0.016689668075925146,0
1772311144.865868,live_view,-0.1867473250109684,-0.25770249404423295,-0.19839764049400838,-0.2410128259683078,0.011650315483039964,-0.016689668075925146,0
1772311144.898918,live_view,-0.1867473250109684,-0.25770249404423295,-0.19839764049400838,-0.2410128259683078,0.011650315483039964,-0.016689668075925146,0
1772311144.932322,live_view,-0.1867473250109684,-0.25770249404423295,-0.19839764049400838,-0.2410128259683078,0.011650315483039964,-0.016689668075925146,0
1772311144.9655418,live_view,-0.1867473250109684,-0.25770249404423295,-0.19839764049400838,-0.2410128259683078,0.011650315483039964,-0.016689668075925146,0
1772311144.998687,live_view,-0.1867473250109684,-0.25770249404423295,-0.19839764049400838,-0.2410128259683078,0.011650315483039964,-0.016689668075925146,0
1772311145.0319831,live_view,-0.1867473250109684,-0.25770249404423295,-0.19839764049400838,-0.2410128259683078,0.011650315483039964,-0.016689668075925146,0
1772311145.065077,live_view,-0.1867473250109684,-0.25770249404423295,-0.19839764049400838,-0.2410128259683078,0.011650315483039964,-0.016689668075925146,0
1772311145.098284,live_view,-0.1867473250109684,-0.25770249404423295,-0.19839764049400838,-0.2410128259683078,0.011650315483039964,-0.016689668075925146,0
1772311145.131552,live_view,-0.1867473250109684,-0.25770249404423295,-0.19839764049400838,-0.2410128259683078,0.011650315483039964,-0.016689668075925146,0
1772311145.1646888,live_view,-0.1867473250109684,-0.25770249404423295,-0.19839764049400838,-0.2410128259683078,0.011650315483039964,-0.016689668075925146,0
1772311145.197877,live_view,-0.1867473250109684,-0.25770249404423295,-0.19839764049400838,-0.2410128259683078,0.011650315483039964,-0.016689668075925146,0
1772311145.231345,live_view,-0.1867473250109684,-0.25770249404423295,-0.19839764049400838,-0.2410128259683078,0.011650315483039964,-0.016689668075925146,0
1772311145.264556,live_view,-0.1867473250109684,-0.25770249404423295,-0.19839764049400838,-0.2410128259683078,0.011650315483039964,-0.016689668075925146,0
1772311145.297699,live_view,-0.1867473250109684,-0.25770249404423295,-0.19839764049400838,-0.2410128259683078,0.011650315483039964,-0.016689668075925146,0
1772311145.330955,live_view,-0.1867473250109684,-0.25770249404423295,-0.19839764049400838,-0.2410128259683078,0.011650315483039964,-0.016689668075925146,0
1772311145.3641999,live_view,-0.1867473250109684,-0.25770249404423295,-0.19839764049400838,-0.2410128259683078,0.011650315483039964,-0.016689668075925146,0
1772311145.397791,live_view,-0.1867473250109684,-0.25770249404423295,-0.19839764049400838,-0.2410128259683078,0.011650315483039964,-0.016689668075925146,0
1772311145.431041,live_view,-0.1867473250109684,-0.25770249404423295,-0.19839764049400838,-0.2410128259683078,0.011650315483039964,-0.016689668075925146,0
1772311145.4642959,live_view,-0.1867473250109684,-0.25770249404423295,-0.19839764049400838,-0.2410128259683078,0.011650315483039964,-0.016689668075925146,0
1772311145.497546,live_view,-0.1867473250109684,-0.25770249404423295,-0.19839764049400838,-0.2410128259683078,0.011650315483039964,-0.016689668075925146,0
1772311145.5307038,live_view,-0.1867473250109684,-0.25770249404423295,-0.19839764049400838,-0.2410128259683078,0.011650315483039964,-0.016689668075925146,0
1772311145.5640268,live_view,-0.1867473250109684,-0.25770249404423295,-0.19839764049400838,-0.2410128259683078,0.011650315483039964,-0.016689668075925146,0
1772311145.597148,live_view,-0.1867473250109684,-0.25770249404423295,-0.19839764049400838,-0.2410128259683078,0.011650315483039964,-0.016689668075925146,0
1772311145.630337,live_view,-0.1867473250109684,-0.25770249404423295,-0.19839764049400838,-0.2410128259683078,0.011650315483039964,-0.016689668075925146,0
1772311145.663598,live_view,-0.1867473250109684,-0.25770249404423295,-0.19839764049400838,-0.2410128259683078,0.011650315483039964,-0.016689668075925146,0
1772311145.696876,live_view,-0.1867473250109684,-0.25770249404423295,-0.19839764049400838,-0.2410128259683078,0.011650315483039964,-0.016689668075925146,0
1772311145.7304761,live_view,-0.1867473250109684,-0.25770249404423295,-0.19839764049400838,-0.2410128259683078,0.011650315483039964,-0.016689668075925146,0
1772311145.7641559,live_view,-0.1867473250109684,-0.25770249404423295,-0.19839764049400838,-0.2410128259683078,0.011650315483039964,-0.016689668075925146,0
1772311145.797342,live_view,-0.1867473250109684,-0.25770249404423295,-0.19839764049400838,-0.2410128259683078,0.011650315483039964,-0.016689668075925146,0
1772311145.830875,live_view,-0.1867473250109684,-0.25770249404423295,-0.19839764049400838,-0.2410128259683078,0.011650315483039964,-0.016689668075925146,0
1772311145.864073,live_view,-0.1867473250109684,-0.25770249404423295,-0.19839764049400838,-0.2410128259683078,0.011650315483039964,-0.016689668075925146,0
1772311145.8973382,live_view,-0.1867473250109684,-0.25770249404423295,-0.19839764049400838,-0.2410128259683078,0.011650315483039964,-0.016689668075925146,0
1772311145.930635,live_view,-0.1867473250109684,-0.25770249404423295,-0.19839764049400838,-0.2410128259683078,0.011650315483039964,-0.016689668075925146,0
1772311145.9638631,live_view,-0.1867473250109684,-0.25770249404423295,-0.19839764049400838,-0.2410128259683078,0.011650315483039964,-0.016689668075925146,0
1772311145.997073,live_view,-0.1867473250109684,-0.25770249404423295,-0.19839764049400838,-0.2410128259683078,0.011650315483039964,-0.016689668075925146,0
1772311146.0304651,live_view,-0.1867473250109684,-0.25770249404423295,-0.19839764049400838,-0.2410128259683078,0.011650315483039964,-0.016689668075925146,0
1772311146.0637062,live_view,-0.1867473250109684,-0.25770249404423295,-0.19839764049400838,-0.2410128259683078,0.011650315483039964,-0.016689668075925146,0
1772311146.097167,live_view,-0.1867473250109684,-0.25770249404423295,-0.19839764049400838,-0.2410128259683078,0.011650315483039964,-0.016689668075925146,0
1772311146.130486,live_view,-0.1867473250109684,-0.25770249404423295,-0.19839764049400838,-0.2410128259683078,0.011650315483039964,-0.016689668075925146,0
1772311146.1636841,live_view,-0.1867473250109684,-0.25770249404423295,-0.19839764049400838,-0.2410128259683078,0.011650315483039964,-0.016689668075925146,0
1772311146.197067,live_view,-0.1867473250109684,-0.25770249404423295,-0.19839764049400838,-0.2410128259683078,0.011650315483039964,-0.016689668075925146,0
1772311146.230546,live_view,-0.1867473250109684,-0.25770249404423295,-0.19839764049400838,-0.2410128259683078,0.011650315483039964,-0.016689668075925146,0
1772311146.264822,live_view,-0.1867473250109684,-0.25770249404423295,-0.19839764049400838,-0.2410128259683078,0.011650315483039964,-0.016689668075925146,0
1772311146.298938,live_view,-0.1867473250109684,-0.25770249404423295,-0.19839764049400838,-0.2410128259683078,0.011650315483039964,-0.016689668075925146,0
1772311146.3332832,live_view,-0.1867473250109684,-0.25770249404423295,-0.19839764049400838,-0.2410128259683078,0.011650315483039964,-0.016689668075925146,0
1772311146.366557,live_view,-0.1867473250109684,-0.25770249404423295,-0.19839764049400838,-0.2410128259683078,0.011650315483039964,-0.016689668075925146,0
1772311146.400702,live_view,-0.1867473250109684,-0.25770249404423295,-0.19839764049400838,-0.2410128259683078,0.011650315483039964,-0.016689668075925146,0
1772311146.4339619,live_view,-0.1867473250109684,-0.25770249404423295,-0.19839764049400838,-0.2410128259683078,0.011650315483039964,-0.016689668075925146,0
1772311146.4673548,live_view,-0.1867473250109684,-0.25770249404423295,-0.19839764049400838,-0.2410128259683078,0.011650315483039964,-0.016689668075925146,0
1772311146.501976,live_view,-0.1867473250109684,-0.25770249404423295,-0.19839764049400838,-0.2410128259683078,0.011650315483039964,-0.016689668075925146,0
1772311146.536201,live_view,-0.1867473250109684,-0.25770249404423295,-0.19839764049400838,-0.2410128259683078,0.011650315483039964,-0.016689668075925146,0
1772311146.5704849,live_view,-0.1867473250109684,-0.25770249404423295,-0.19839764049400838,-0.2410128259683078,0.011650315483039964,-0.016689668075925146,0
1772311146.604337,live_view,-0.1867473250109684,-0.25770249404423295,-0.19839764049400838,-0.2410128259683078,0.011650315483039964,-0.016689668075925146,0
1772311146.6376908,live_view,-0.1867473250109684,-0.25770249404423295,-0.19839764049400838,-0.2410128259683078,0.011650315483039964,-0.016689668075925146,0
1772311146.6710389,live_view,-0.1867473250109684,-0.25770249404423295,-0.19839764049400838,-0.2410128259683078,0.011650315483039964,-0.016689668075925146,0
1772311146.705396,live_view,-0.1867473250109684,-0.25770249404423295,-0.19839764049400838,-0.2410128259683078,0.011650315483039964,-0.016689668075925146,0
1772311146.739695,live_view,-0.1867473250109684,-0.25770249404423295,-0.19839764049400838,-0.2410128259683078,0.011650315483039964,-0.016689668075925146,0
1772311146.773282,live_view,-0.1867473250109684,-0.25770249404423295,-0.19839764049400838,-0.2410128259683078,0.011650315483039964,-0.016689668075925146,0
1772311146.8066938,live_view,-0.1867473250109684,-0.25770249404423295,-0.19839764049400838,-0.2410128259683078,0.011650315483039964,-0.016689668075925146,0
1772311146.841044,live_view,-0.1867473250109684,-0.25770249404423295,-0.19839764049400838,-0.2410128259683078,0.011650315483039964,-0.016689668075925146,0
1772311146.8751318,live_view,-0.1867473250109684,-0.25770249404423295,-0.19839764049400838,-0.2410128259683078,0.011650315483039964,-0.016689668075925146,0
1772311146.908581,live_view,-0.1867473250109684,-0.25770249404423295,-0.19839764049400838,-0.2410128259683078,0.011650315483039964,-0.016689668075925146,0
1772311146.941856,live_view,-0.1867473250109684,-0.25770249404423295,-0.19839764049400838,-0.2410128259683078,0.011650315483039964,-0.016689668075925146,0
1772311146.975153,live_view,-0.1867473250109684,-0.25770249404423295,-0.19839764049400838,-0.2410128259683078,0.011650315483039964,-0.016689668075925146,0
1772311147.009075,live_view,-0.1867473250109684,-0.25770249404423295,-0.19839764049400838,-0.2410128259683078,0.011650315483039964,-0.016689668075925146,0
1772311147.0432918,live_view,-0.1867473250109684,-0.25770249404423295,-0.19839764049400838,-0.2410128259683078,0.011650315483039964,-0.016689668075925146,0
1772311147.077634,live_view,-0.1867473250109684,-0.25770249404423295,-0.19839764049400838,-0.2410128259683078,0.011650315483039964,-0.016689668075925146,0
1772311147.111778,live_view,-0.1867473250109684,-0.25770249404423295,-0.19839764049400838,-0.2410128259683078,0.011650315483039964,-0.016689668075925146,0
1772311147.145896,live_view,-0.1867473250109684,-0.25770249404423295,-0.19839764049400838,-0.2410128259683078,0.011650315483039964,-0.016689668075925146,0
1772311147.179338,live_view,-0.1867473250109684,-0.25770249404423295,-0.19839764049400838,-0.2410128259683078,0.011650315483039964,-0.016689668075925146,0
1772311147.212595,live_view,-0.1867473250109684,-0.25770249404423295,-0.19839764049400838,-0.2410128259683078,0.011650315483039964,-0.016689668075925146,0
1772311147.24626,live_view,-0.1867473250109684,-0.25770249404423295,-0.19839764049400838,-0.2410128259683078,0.011650315483039964,-0.016689668075925146,0
1772311147.2804842,live_view,-0.1867473250109684,-0.25770249404423295,-0.19839764049400838,-0.2410128259683078,0.011650315483039964,-0.016689668075925146,0
1772311147.3140202,live_view,-0.1867473250109684,-0.25770249404423295,-0.19839764049400838,-0.2410128259683078,0.011650315483039964,-0.016689668075925146,0
1772311147.34828,live_view,-0.1867473250109684,-0.25770249404423295,-0.19839764049400838,-0.2410128259683078,0.011650315483039964,-0.016689668075925146,0
1772311147.3825102,live_view,-0.1867473250109684,-0.25770249404423295,-0.19839764049400838,-0.2410128259683078,0.011650315483039964,-0.016689668075925146,0
1772311147.416713,live_view,-0.1867473250109684,-0.25770249404423295,-0.19839764049400838,-0.2410128259683078,0.011650315483039964,-0.016689668075925146,0
1772311147.450273,live_view,-0.1867473250109684,-0.25770249404423295,-0.19839764049400838,-0.2410128259683078,0.011650315483039964,-0.016689668075925146,0
1772311147.484083,live_view,-0.1867473250109684,-0.25770249404423295,-0.19839764049400838,-0.2410128259683078,0.011650315483039964,-0.016689668075925146,0
1772311147.518357,live_view,-0.1867473250109684,-0.25770249404423295,-0.19839764049400838,-0.2410128259683078,0.011650315483039964,-0.016689668075925146,0
1772311147.552598,live_view,-0.1867473250109684,-0.25770249404423295,-0.19839764049400838,-0.2410128259683078,0.011650315483039964,-0.016689668075925146,0
1772311147.585678,live_view,-0.1867473250109684,-0.25770249404423295,-0.19839764049400838,-0.2410128259683078,0.011650315483039964,-0.016689668075925146,0
1772311147.619586,live_view,-0.1867473250109684,-0.25770249404423295,-0.19839764049400838,-0.2410128259683078,0.011650315483039964,-0.016689668075925146,0
1772311147.653682,live_view,-0.1867473250109684,-0.25770249404423295,-0.19839764049400838,-0.2410128259683078,0.011650315483039964,-0.016689668075925146,0
1772311147.687813,live_view,-0.1867473250109684,-0.25770249404423295,-0.19839764049400838,-0.2410128259683078,0.011650315483039964,-0.016689668075925146,0
1772311147.720942,live_view,-0.1867473250109684,-0.25770249404423295,-0.19839764049400838,-0.2410128259683078,0.011650315483039964,-0.016689668075925146,0
1772311147.7544608,live_view,-0.1867473250109684,-0.25770249404423295,-0.19839764049400838,-0.2410128259683078,0.011650315483039964,-0.016689668075925146,0
1772311147.7876859,live_view,-0.1867473250109684,-0.25770249404423295,-0.19839764049400838,-0.2410128259683078,0.011650315483039964,-0.016689668075925146,0
1772311147.821019,live_view,-0.1867473250109684,-0.25770249404423295,-0.19839764049400838,-0.2410128259683078,0.011650315483039964,-0.016689668075925146,0
1772311147.854263,live_view,-0.1867473250109684,-0.25770249404423295,-0.19839764049400838,-0.2410128259683078,0.011650315483039964,-0.016689668075925146,0
1772311147.887678,live_view,-0.1867473250109684,-0.25770249404423295,-0.19839764049400838,-0.2410128259683078,0.011650315483039964,-0.016689668075925146,0
1772311147.921153,live_view,-0.1867473250109684,-0.25770249404423295,-0.19839764049400838,-0.2410128259683078,0.011650315483039964,-0.016689668075925146,0
1772311147.954679,live_view,-0.1867473250109684,-0.25770249404423295,-0.19839764049400838,-0.2410128259683078,0.011650315483039964,-0.016689668075925146,0
1772311147.989048,live_view,-0.1867473250109684,-0.25770249404423295,-0.19839764049400838,-0.2410128259683078,0.011650315483039964,-0.016689668075925146,0
1772311148.023037,live_view,-0.1867473250109684,-0.25770249404423295,-0.19839764049400838,-0.2410128259683078,0.011650315483039964,-0.016689668075925146,0
1772311148.057357,live_view,-0.1867473250109684,-0.25770249404423295,-0.19839764049400838,-0.2410128259683078,0.011650315483039964,-0.016689668075925146,0
1772311148.091709,live_view,-0.1867473250109684,-0.25770249404423295,-0.19839764049400838,-0.2410128259683078,0.011650315483039964,-0.016689668075925146,0
1772311148.125338,live_view,-0.1867473250109684,-0.25770249404423295,-0.19839764049400838,-0.2410128259683078,0.011650315483039964,-0.016689668075925146,0
1772311148.15857,live_view,-0.1867473250109684,-0.25770249404423295,-0.19839764049400838,-0.2410128259683078,0.011650315483039964,-0.016689668075925146,0
1772311148.191972,live_view,-0.1867473250109684,-0.25770249404423295,-0.19839764049400838,-0.2410128259683078,0.011650315483039964,-0.016689668075925146,0
1772311148.2251918,live_view,-0.1867473250109684,-0.25770249404423295,-0.19839764049400838,-0.2410128259683078,0.011650315483039964,-0.016689668075925146,0
1772311148.258462,live_view,-0.1867473250109684,-0.25770249404423295,-0.19839764049400838,-0.2410128259683078,0.011650315483039964,-0.016689668075925146,0
1772311148.29191,live_view,-0.1867473250109684,-0.25770249404423295,-0.19839764049400838,-0.2410128259683078,0.011650315483039964,-0.016689668075925146,0
1772311148.3253372,live_view,-0.1867473250109684,-0.25770249404423295,-0.19839764049400838,-0.2410128259683078,0.011650315483039964,-0.016689668075925146,0
1772311148.359602,live_view,-0.1867473250109684,-0.25770249404423295,-0.19839764049400838,-0.2410128259683078,0.011650315483039964,-0.016689668075925146,0
1772311148.393895,live_view,-0.1867473250109684,-0.25770249404423295,-0.19839764049400838,-0.2410128259683078,0.011650315483039964,-0.016689668075925146,0
1772311148.428163,live_view,-0.1867473250109684,-0.25770249404423295,-0.19839764049400838,-0.2410128259683078,0.011650315483039964,-0.016689668075925146,0
1772311148.46242,live_view,-0.1867473250109684,-0.25770249404423295,-0.19839764049400838,-0.2410128259683078,0.011650315483039964,-0.016689668075925146,0
1772311148.496041,live_view,-0.1867473250109684,-0.25770249404423295,-0.19839764049400838,-0.2410128259683078,0.011650315483039964,-0.016689668075925146,0
1772311148.53046,live_view,-0.1867473250109684,-0.25770249404423295,-0.19839764049400838,-0.2410128259683078,0.011650315483039964,-0.016689668075925146,0
1772311148.5648482,live_view,-0.1867473250109684,-0.25770249404423295,-0.19839764049400838,-0.2410128259683078,0.011650315483039964,-0.016689668075925146,0
1772311148.599038,live_view,-0.1867473250109684,-0.25770249404423295,-0.19839764049400838,-0.2410128259683078,0.011650315483039964,-0.016689668075925146,0
1772311148.63325,live_view,-0.1867473250109684,-0.25770249404423295,-0.19839764049400838,-0.2410128259683078,0.011650315483039964,-0.016689668075925146,0
1772311148.6673331,live_view,-0.1867473250109684,-0.25770249404423295,-0.19839764049400838,-0.2410128259683078,0.011650315483039964,-0.016689668075925146,0
1772311148.700673,live_view,-0.1867473250109684,-0.25770249404423295,-0.19839764049400838,-0.2410128259683078,0.011650315483039964,-0.016689668075925146,0
1772311148.73408,live_view,-0.1867473250109684,-0.25770249404423295,-0.19839764049400838,-0.2410128259683078,0.011650315483039964,-0.016689668075925146,0
1772311148.768339,live_view,-0.1867473250109684,-0.25770249404423295,-0.19839764049400838,-0.2410128259683078,0.011650315483039964,-0.016689668075925146,0
1772311148.80277,live_view,-0.1867473250109684,-0.25770249404423295,-0.19839764049400838,-0.2410128259683078,0.011650315483039964,-0.016689668075925146,0
1772311148.836855,live_view,-0.1867473250109684,-0.25770249404423295,-0.19839764049400838,-0.2410128259683078,0.011650315483039964,-0.016689668075925146,0
1772311148.870482,live_view,-0.1867473250109684,-0.25770249404423295,-0.19839764049400838,-0.2410128259683078,0.011650315483039964,-0.016689668075925146,0
1772311148.904365,live_view,-0.1867473250109684,-0.25770249404423295,-0.19839764049400838,-0.2410128259683078,0.011650315483039964,-0.016689668075925146,0
1772311148.937377,live_view,-0.1867473250109684,-0.25770249404423295,-0.19839764049400838,-0.2410128259683078,0.011650315483039964,-0.016689668075925146,0
1772311148.970465,live_view,-0.1867473250109684,-0.25770249404423295,-0.19839764049400838,-0.2410128259683078,0.011650315483039964,-0.016689668075925146,0
1772311149.003476,live_view,-0.1867473250109684,-0.25770249404423295,-0.19839764049400838,-0.2410128259683078,0.011650315483039964,-0.016689668075925146,0
1772311149.0366879,live_view,-0.1867473250109684,-0.25770249404423295,-0.19839764049400838,-0.2410128259683078,0.011650315483039964,-0.016689668075925146,0
1772311149.070074,live_view,-0.1867473250109684,-0.25770249404423295,-0.19839764049400838,-0.2410128259683078,0.011650315483039964,-0.016689668075925146,0
1772311149.103677,live_view,-0.1867473250109684,-0.25770249404423295,-0.19839764049400838,-0.2410128259683078,0.011650315483039964,-0.016689668075925146,0
1772311149.136937,live_view,-0.1867473250109684,-0.25770249404423295,-0.19839764049400838,-0.2410128259683078,0.011650315483039964,-0.016689668075925146,0
1772311149.170272,live_view,-0.1867473250109684,-0.25770249404423295,-0.19839764049400838,-0.2410128259683078,0.011650315483039964,-0.016689668075925146,0
1772311149.203676,live_view,-0.1867473250109684,-0.25770249404423295,-0.19839764049400838,-0.2410128259683078,0.011650315483039964,-0.016689668075925146,0
1772311149.236585,live_view,-0.1867473250109684,-0.25770249404423295,-0.19839764049400838,-0.2410128259683078,0.011650315483039964,-0.016689668075925146,0
1772311149.269712,live_view,-0.1867473250109684,-0.25770249404423295,-0.19839764049400838,-0.2410128259683078,0.011650315483039964,-0.016689668075925146,0
1772311149.302662,live_view,-0.1867473250109684,-0.25770249404423295,-0.19839764049400838,-0.2410128259683078,0.011650315483039964,-0.016689668075925146,0
1772311149.3358579,live_view,-0.1867473250109684,-0.25770249404423295,-0.19839764049400838,-0.2410128259683078,0.011650315483039964,-0.016689668075925146,0
1772311149.3692749,live_view,-0.1867473250109684,-0.25770249404423295,-0.19839764049400838,-0.2410128259683078,0.011650315483039964,-0.016689668075925146,0
1772311149.402874,live_view,-0.1867473250109684,-0.25770249404423295,-0.19839764049400838,-0.2410128259683078,0.011650315483039964,-0.016689668075925146,0
1772311149.436078,live_view,-0.1867473250109684,-0.25770249404423295,-0.19839764049400838,-0.2410128259683078,0.011650315483039964,-0.016689668075925146,0
1772311149.470052,live_view,-0.1867473250109684,-0.25770249404423295,-0.19839764049400838,-0.2410128259683078,0.011650315483039964,-0.016689668075925146,0
1772311149.504121,live_view,-0.1867473250109684,-0.25770249404423295,-0.19839764049400838,-0.2410128259683078,0.011650315483039964,-0.016689668075925146,0
1772311149.537654,live_view,-0.1867473250109684,-0.25770249404423295,-0.19839764049400838,-0.2410128259683078,0.011650315483039964,-0.016689668075925146,0
1772311149.5709581,live_view,-0.1867473250109684,-0.25770249404423295,-0.19839764049400838,-0.2410128259683078,0.011650315483039964,-0.016689668075925146,0
1772311149.604266,live_view,-0.1867473250109684,-0.25770249404423295,-0.19839764049400838,-0.2410128259683078,0.011650315483039964,-0.016689668075925146,0
1772311149.637662,live_view,-0.1867473250109684,-0.25770249404423295,-0.19839764049400838,-0.2410128259683078,0.011650315483039964,-0.016689668075925146,0
1772311149.6710222,live_view,-0.1867473250109684,-0.25770249404423295,-0.19839764049400838,-0.2410128259683078,0.011650315483039964,-0.016689668075925146,0
1772311149.705371,live_view,-0.1867473250109684,-0.25770249404423295,-0.19839764049400838,-0.2410128259683078,0.011650315483039964,-0.016689668075925146,0
1772311149.73885,live_view,-0.1867473250109684,-0.25770249404423295,-0.19839764049400838,-0.2410128259683078,0.011650315483039964,-0.016689668075925146,0
1772311149.7720919,live_view,-0.1867473250109684,-0.25770249404423295,-0.19839764049400838,-0.2410128259683078,0.011650315483039964,-0.016689668075925146,0
1772311149.805278,live_view,-0.1867473250109684,-0.25770249404423295,-0.19839764049400838,-0.2410128259683078,0.011650315483039964,-0.016689668075925146,0
1772311149.838361,live_view,-0.1867473250109684,-0.25770249404423295,-0.19839764049400838,-0.2410128259683078,0.011650315483039964,-0.016689668075925146,0
1772311149.871565,live_view,-0.1867473250109684,-0.25770249404423295,-0.19839764049400838,-0.2410128259683078,0.011650315483039964,-0.016689668075925146,0
1772311149.9050171,live_view,-0.1867473250109684,-0.25770249404423295,-0.19839764049400838,-0.2410128259683078,0.011650315483039964,-0.016689668075925146,0
1772311149.939084,live_view,-0.1867473250109684,-0.25770249404423295,-0.19839764049400838,-0.2410128259683078,0.011650315483039964,-0.016689668075925146,0
1772311149.97328,live_view,-0.1867473250109684,-0.25770249404423295,-0.19839764049400838,-0.2410128259683078,0.011650315483039964,-0.016689668075925146,0
1772311150.007468,live_view,-0.1867473250109684,-0.25770249404423295,-0.19839764049400838,-0.2410128259683078,0.011650315483039964,-0.016689668075925146,0
1772311150.041236,live_view,-0.1867473250109684,-0.25770249404423295,-0.19839764049400838,-0.2410128259683078,0.011650315483039964,-0.016689668075925146,0
1772311150.075177,live_view,-0.1867473250109684,-0.25770249404423295,-0.19839764049400838,-0.2410128259683078,0.011650315483039964,-0.016689668075925146,0
1772311150.109059,live_view,-0.1867473250109684,-0.25770249404423295,-0.19839764049400838,-0.2410128259683078,0.011650315483039964,-0.016689668075925146,0
1772311150.142344,live_view,-0.1867473250109684,-0.25770249404423295,-0.19839764049400838,-0.2410128259683078,0.011650315483039964,-0.016689668075925146,0
1772311150.175549,live_view,-0.1867473250109684,-0.25770249404423295,-0.19839764049400838,-0.2410128259683078,0.011650315483039964,-0.016689668075925146,0
1772311150.209919,live_view,-0.1867473250109684,-0.25770249404423295,-0.19839764049400838,-0.2410128259683078,0.011650315483039964,-0.016689668075925146,0
1772311150.2442398,live_view,-0.1867473250109684,-0.25770249404423295,-0.19839764049400838,-0.2410128259683078,0.011650315483039964,-0.016689668075925146,0
1772311150.278493,live_view,-0.1867473250109684,-0.25770249404423295,-0.19839764049400838,-0.2410128259683078,0.011650315483039964,-0.016689668075925146,0
1772311150.3126762,live_view,-0.1867473250109684,-0.25770249404423295,-0.19839764049400838,-0.2410128259683078,0.011650315483039964,-0.016689668075925146,0
1772311150.3460228,live_view,-0.1867473250109684,-0.25770249404423295,-0.19839764049400838,-0.2410128259683078,0.011650315483039964,-0.016689668075925146,0
1772311150.3792388,live_view,-0.1867473250109684,-0.25770249404423295,-0.19839764049400838,-0.2410128259683078,0.011650315483039964,-0.016689668075925146,0
1772311150.4125519,live_view,-0.1867473250109684,-0.25770249404423295,-0.19839764049400838,-0.2410128259683078,0.011650315483039964,-0.016689668075925146,0
1772311150.445879,live_view,-0.1867473250109684,-0.25770249404423295,-0.19839764049400838,-0.2410128259683078,0.011650315483039964,-0.016689668075925146,0
1772311150.4795678,live_view,-0.1867473250109684,-0.25770249404423295,-0.19839764049400838,-0.2410128259683078,0.011650315483039964,-0.016689668075925146,0
1772311150.513071,live_view,-0.1867473250109684,-0.25770249404423295,-0.19839764049400838,-0.2410128259683078,0.011650315483039964,-0.016689668075925146,0
1772311150.547235,live_view,-0.1867473250109684,-0.25770249404423295,-0.19839764049400838,-0.2410128259683078,0.011650315483039964,-0.016689668075925146,0
1772311150.5812721,live_view,-0.1867473250109684,-0.25770249404423295,-0.19839764049400838,-0.2410128259683078,0.011650315483039964,-0.016689668075925146,0
1772311150.615489,live_view,-0.1867473250109684,-0.25770249404423295,-0.19839764049400838,-0.2410128259683078,0.011650315483039964,-0.016689668075925146,0
1772311150.649747,live_view,-0.1867473250109684,-0.25770249404423295,-0.19839764049400838,-0.2410128259683078,0.011650315483039964,-0.016689668075925146,0
1772311150.683531,live_view,-0.1867473250109684,-0.25770249404423295,-0.19839764049400838,-0.2410128259683078,0.011650315483039964,-0.016689668075925146,0
1772311150.717899,live_view,-0.1867473250109684,-0.25770249404423295,-0.19839764049400838,-0.2410128259683078,0.011650315483039964,-0.016689668075925146,0
1772311150.7518778,live_view,-0.1867473250109684,-0.25770249404423295,-0.19839764049400838,-0.2410128259683078,0.011650315483039964,-0.016689668075925146,0
1772311150.786121,live_view,-0.1867473250109684,-0.25770249404423295,-0.19839764049400838,-0.2410128259683078,0.011650315483039964,-0.016689668075925146,0
1772311150.820396,live_view,-0.1867473250109684,-0.25770249404423295,-0.19839764049400838,-0.2410128259683078,0.011650315483039964,-0.016689668075925146,0
1772311150.854292,live_view,-0.1867473250109684,-0.25770249404423295,-0.19839764049400838,-0.2410128259683078,0.011650315483039964,-0.016689668075925146,0
1772311150.88757,live_view,-0.1867473250109684,-0.25770249404423295,-0.19839764049400838,-0.2410128259683078,0.011650315483039964,-0.016689668075925146,0
1772311150.921004,live_view,-0.1867473250109684,-0.25770249404423295,-0.19839764049400838,-0.2410128259683078,0.011650315483039964,-0.016689668075925146,0
1772311150.9542882,live_view,-0.1867473250109684,-0.25770249404423295,-0.19839764049400838,-0.2410128259683078,0.011650315483039964,-0.016689668075925146,0
1772311150.987505,live_view,-0.1867473250109684,-0.25770249404423295,-0.19839764049400838,-0.2410128259683078,0.011650315483039964,-0.016689668075925146,0
1772311151.020865,live_view,-0.1867473250109684,-0.25770249404423295,-0.19839764049400838,-0.2410128259683078,0.011650315483039964,-0.016689668075925146,0
1772311151.054296,live_view,-0.1867473250109684,-0.25770249404423295,-0.19839764049400838,-0.2410128259683078,0.011650315483039964,-0.016689668075925146,0
1772311151.087639,live_view,-0.1867473250109684,-0.25770249404423295,-0.19839764049400838,-0.2410128259683078,0.011650315483039964,-0.016689668075925146,0
1772311151.120825,live_view,-0.1867473250109684,-0.25770249404423295,-0.19839764049400838,-0.2410128259683078,0.011650315483039964,-0.016689668075925146,0
1772311151.154123,live_view,-0.1867473250109684,-0.25770249404423295,-0.19839764049400838,-0.2410128259683078,0.011650315483039964,-0.016689668075925146,0
1772311151.187518,live_view,-0.1867473250109684,-0.25770249404423295,-0.19839764049400838,-0.2410128259683078,0.011650315483039964,-0.016689668075925146,0
1772311151.2208798,live_view,-0.1867473250109684,-0.25770249404423295,-0.19839764049400838,-0.2410128259683078,0.011650315483039964,-0.016689668075925146,0
1772311151.254265,live_view,-0.1867473250109684,-0.25770249404423295,-0.19839764049400838,-0.2410128259683078,0.011650315483039964,-0.016689668075925146,0
1772311151.2875662,live_view,-0.1867473250109684,-0.25770249404423295,-0.19839764049400838,-0.2410128259683078,0.011650315483039964,-0.016689668075925146,0
1772311151.320894,live_view,-0.1867473250109684,-0.25770249404423295,-0.19839764049400838,-0.2410128259683078,0.011650315483039964,-0.016689668075925146,0
1772311151.354312,live_view,-0.1867473250109684,-0.25770249404423295,-0.19839764049400838,-0.2410128259683078,0.011650315483039964,-0.016689668075925146,0
1772311151.387677,live_view,-0.1867473250109684,-0.25770249404423295,-0.19839764049400838,-0.2410128259683078,0.011650315483039964,-0.016689668075925146,0
1772311151.421043,live_view,-0.1867473250109684,-0.25770249404423295,-0.19839764049400838,-0.2410128259683078,0.011650315483039964,-0.016689668075925146,0
1772311151.454226,live_view,-0.1867473250109684,-0.25770249404423295,-0.19839764049400838,-0.2410128259683078,0.011650315483039964,-0.016689668075925146,0
1772311151.487684,live_view,-0.1867473250109684,-0.25770249404423295,-0.19839764049400838,-0.2410128259683078,0.011650315483039964,-0.016689668075925146,0
1772311151.520913,live_view,-0.1867473250109684,-0.25770249404423295,-0.19839764049400838,-0.2410128259683078,0.011650315483039964,-0.016689668075925146,0
1772311151.554304,live_view,-0.1867473250109684,-0.25770249404423295,-0.19839764049400838,-0.2410128259683078,0.011650315483039964,-0.016689668075925146,0
1772311151.5876741,live_view,-0.1867473250109684,-0.25770249404423295,-0.19839764049400838,-0.2410128259683078,0.011650315483039964,-0.016689668075925146,0
1772311151.6209779,live_view,-0.1867473250109684,-0.25770249404423295,-0.19839764049400838,-0.2410128259683078,0.011650315483039964,-0.016689668075925146,0
1772311151.655348,live_view,-0.1867473250109684,-0.25770249404423295,-0.19839764049400838,-0.2410128259683078,0.011650315483039964,-0.016689668075925146,0
1772311151.6896489,live_view,-0.1867473250109684,-0.25770249404423295,-0.19839764049400838,-0.2410128259683078,0.011650315483039964,-0.016689668075925146,0
1772311151.723903,live_view,-0.1867473250109684,-0.25770249404423295,-0.19839764049400838,-0.2410128259683078,0.011650315483039964,-0.016689668075925146,0
1772311151.758055,live_view,-0.1867473250109684,-0.25770249404423295,-0.19839764049400838,-0.2410128259683078,0.011650315483039964,-0.016689668075925146,0
1772311151.7922602,live_view,-0.1867473250109684,-0.25770249404423295,-0.19839764049400838,-0.2410128259683078,0.011650315483039964,-0.016689668075925146,0
1772311151.825637,live_view,-0.1867473250109684,-0.25770249404423295,-0.19839764049400838,-0.2410128259683078,0.011650315483039964,-0.016689668075925146,0
1772311151.859,live_view,-0.1867473250109684,-0.25770249404423295,-0.19839764049400838,-0.2410128259683078,0.011650315483039964,-0.016689668075925146,0
1772311151.892226,live_view,-0.1867473250109684,-0.25770249404423295,-0.19839764049400838,-0.2410128259683078,0.011650315483039964,-0.016689668075925146,0
1772311151.925567,live_view,-0.1867473250109684,-0.25770249404423295,-0.19839764049400838,-0.2410128259683078,0.011650315483039964,-0.016689668075925146,0
1772311151.9589949,live_view,-0.1867473250109684,-0.25770249404423295,-0.19839764049400838,-0.2410128259683078,0.011650315483039964,-0.016689668075925146,0
1772311151.992245,live_view,-0.1867473250109684,-0.25770249404423295,-0.19839764049400838,-0.2410128259683078,0.011650315483039964,-0.016689668075925146,0
1772311152.025673,live_view,-0.1867473250109684,-0.25770249404423295,-0.19839764049400838,-0.2410128259683078,0.011650315483039964,-0.016689668075925146,0
1772311152.059981,live_view,-0.1867473250109684,-0.25770249404423295,-0.19839764049400838,-0.2410128259683078,0.011650315483039964,-0.016689668075925146,0
1772311152.094232,live_view,-0.1867473250109684,-0.25770249404423295,-0.19839764049400838,-0.2410128259683078,0.011650315483039964,-0.016689668075925146,0
1772311152.12842,live_view,-0.1867473250109684,-0.25770249404423295,-0.19839764049400838,-0.2410128259683078,0.011650315483039964,-0.016689668075925146,0
1772311152.1626308,live_view,-0.1867473250109684,-0.25770249404423295,-0.19839764049400838,-0.2410128259683078,0.011650315483039964,-0.016689668075925146,0
1772311152.195932,live_view,-0.1867473250109684,-0.25770249404423295,-0.19839764049400838,-0.2410128259683078,0.011650315483039964,-0.016689668075925146,0
1772311152.22925,live_view,-0.1867473250109684,-0.25770249404423295,-0.19839764049400838,-0.2410128259683078,0.011650315483039964,-0.016689668075925146,0
1772311152.262552,live_view,-0.1867473250109684,-0.25770249404423295,-0.19839764049400838,-0.2410128259683078,0.011650315483039964,-0.016689668075925146,0
1772311152.295906,live_view,-0.1867473250109684,-0.25770249404423295,-0.19839764049400838,-0.2410128259683078,0.011650315483039964,-0.016689668075925146,0
1772311152.3293152,live_view,-0.1867473250109684,-0.25770249404423295,-0.19839764049400838,-0.2410128259683078,0.011650315483039964,-0.016689668075925146,0
1772311152.362445,live_view,-0.1867473250109684,-0.25770249404423295,-0.19839764049400838,-0.2410128259683078,0.011650315483039964,-0.016689668075925146,0
1772311152.395661,live_view,-0.1867473250109684,-0.25770249404423295,-0.19839764049400838,-0.2410128259683078,0.011650315483039964,-0.016689668075925146,0
1772311152.429339,live_view,-0.1867473250109684,-0.25770249404423295,-0.19839764049400838,-0.2410128259683078,0.011650315483039964,-0.016689668075925146,0
1772311152.462395,live_view,-0.1867473250109684,-0.25770249404423295,-0.19839764049400838,-0.2410128259683078,0.011650315483039964,-0.016689668075925146,0
1772311152.4956732,live_view,-0.1867473250109684,-0.25770249404423295,-0.19839764049400838,-0.2410128259683078,0.011650315483039964,-0.016689668075925146,0
1772311152.5292642,live_view,-0.1867473250109684,-0.25770249404423295,-0.19839764049400838,-0.2410128259683078,0.011650315483039964,-0.016689668075925146,0
1772311152.5625348,live_view,-0.1867473250109684,-0.25770249404423295,-0.19839764049400838,-0.2410128259683078,0.011650315483039964,-0.016689668075925146,0
